{"cameraMode":{"drawMode":0,"name":"Shaded","section":"Shading Mode"},"sceneLighting":false,"audioPlay":false,"sceneViewState":{"m_AlwaysRefresh":false,"showFog":true,"showSkybox":false,"showFlares":true,"showImageEffects":true,"showParticleSystems":true,"showVisualEffectGraphs":true,"m_FxEnabled":true},"in2DMode":false,"pivot":{"x":3.703860282897949,"y":1.4432505369186402,"z":2.5048680305480959},"rotation":{"x":0.18556226789951325,"y":-0.05008358135819435,"z":0.0095172468572855,"w":0.9812713861465454},"size":1.2875465154647828,"orthographic":false}