{"cameraMode":{"drawMode":0,"name":"Shaded","section":"Shading Mode"},"sceneLighting":false,"audioPlay":false,"sceneViewState":{"m_AlwaysRefresh":false,"showFog":true,"showSkybox":false,"showFlares":true,"showImageEffects":true,"showParticleSystems":true,"showVisualEffectGraphs":true,"m_FxEnabled":true},"in2DMode":false,"pivot":{"x":-3.9633991718292238,"y":0.7045335173606873,"z":-1.303877353668213},"rotation":{"x":0.17773786187171937,"y":0.023590663447976114,"z":-0.004267745651304722,"w":0.9837843179702759},"size":2.894448757171631,"orthographic":false}