{"cameraMode":{"drawMode":0,"name":"Shaded","section":"Shading Mode"},"sceneLighting":false,"audioPlay":false,"sceneViewState":{"m_AlwaysRefresh":false,"showFog":true,"showSkybox":false,"showFlares":true,"showImageEffects":true,"showParticleSystems":true,"showVisualEffectGraphs":true,"m_FxEnabled":true},"in2DMode":false,"pivot":{"x":0.39256489276885989,"y":1.785489797592163,"z":-6.803926467895508},"rotation":{"x":-0.05730542168021202,"y":-0.09569564461708069,"z":-0.0054892078042030338,"w":0.9937152862548828},"size":1.39444899559021,"orthographic":false}