{"cameraMode":{"drawMode":0,"name":"Shaded","section":"Shading Mode"},"sceneLighting":false,"audioPlay":false,"sceneViewState":{"m_AlwaysRefresh":false,"showFog":true,"showSkybox":false,"showFlares":true,"showImageEffects":true,"showParticleSystems":true,"showVisualEffectGraphs":true,"m_FxEnabled":true},"in2DMode":false,"pivot":{"x":-61.99619674682617,"y":-0.7625761032104492,"z":17.798900604248048},"rotation":{"x":0.21416088938713075,"y":0.0644126832485199,"z":-0.014155351556837559,"w":0.9745802879333496},"size":139.88255310058595,"orthographic":false}